STRUCTURE,STRUCTURE_ID,STRUCTURE_NAME,freq,Time frequency,unit,Unit of measure,nace_r2,Statistical classification of economic activities in the European Community (NACE Rev. 2),na_item,National accounts indicator (ESA 2010),geo,Geopolitical entity (reporting),TIME_PERIOD,Time,OBS_VALUE,Observation value,OBS_FLAG,Observation status (Flag) V2 structure,CONF_STATUS,Confidentiality status (flag)
dataflow,ESTAT:NAMA_10_A10_E(1.0),Employment by main industry (NACE Rev.2) - national accounts,A,Annual,THS_PER,Thousand persons,C,Manufacturing,EMP_DC,Total employment domestic concept,AT,Austria,2012,,632.08,,,,,
dataflow,ESTAT:NAMA_10_A10_E(1.0),Employment by main industry (NACE Rev.2) - national accounts,A,Annual,THS_PER,Thousand persons,C,Manufacturing,EMP_DC,Total employment domestic concept,AT,Austria,2014,,633.92,,,,,
dataflow,ESTAT:NAMA_10_A10_E(1.0),Employment by main industry (NACE Rev.2) - national accounts,A,Annual,THS_PER,Thousand persons,C,Manufacturing,EMP_DC,Total employment domestic concept,AT,Austria,2017,,648.28,,,,,
dataflow,ESTAT:NAMA_10_A10_E(1.0),Employment by main industry (NACE Rev.2) - national accounts,A,Annual,THS_PER,Thousand persons,C,Manufacturing,EMP_DC,Total employment domestic concept,AT,Austria,2023,,699.31,,,,,
dataflow,ESTAT:NAMA_10_A10_E(1.0),Employment by main industry (NACE Rev.2) - national accounts,A,Annual,THS_PER,Thousand persons,C,Manufacturing,EMP_DC,Total employment domestic concept,AT,Austria,2024,,688.52,,,,,
dataflow,ESTAT:NAMA_10_A10_E(1.0),Employment by main industry (NACE Rev.2) - national accounts,A,Annual,THS_PER,Thousand persons,C,Manufacturing,EMP_DC,Total employment domestic concept,BE,Belgium,2012,,531.40,,,,,
dataflow,ESTAT:NAMA_10_A10_E(1.0),Employment by main industry (NACE Rev.2) - national accounts,A,Annual,THS_PER,Thousand persons,C,Manufacturing,EMP_DC,Total employment domestic concept,BE,Belgium,2014,,505.60,,,,,
dataflow,ESTAT:NAMA_10_A10_E(1.0),Employment by main industry (NACE Rev.2) - national accounts,A,Annual,THS_PER,Thousand persons,C,Manufacturing,EMP_DC,Total employment domestic concept,BE,Belgium,2017,,496.50,,,,,
dataflow,ESTAT:NAMA_10_A10_E(1.0),Employment by main industry (NACE Rev.2) - national accounts,A,Annual,THS_PER,Thousand persons,C,Manufacturing,EMP_DC,Total employment domestic concept,BE,Belgium,2023,,505.50,,,,,
dataflow,ESTAT:NAMA_10_A10_E(1.0),Employment by main industry (NACE Rev.2) - national accounts,A,Annual,THS_PER,Thousand persons,C,Manufacturing,EMP_DC,Total employment domestic concept,BE,Belgium,2024,,496.30,,p,provisional,,
dataflow,ESTAT:NAMA_10_A10_E(1.0),Employment by main industry (NACE Rev.2) - national accounts,A,Annual,THS_PER,Thousand persons,C,Manufacturing,EMP_DC,Total employment domestic concept,BG,Bulgaria,2012,,603.71,,,,,
dataflow,ESTAT:NAMA_10_A10_E(1.0),Employment by main industry (NACE Rev.2) - national accounts,A,Annual,THS_PER,Thousand persons,C,Manufacturing,EMP_DC,Total employment domestic concept,BG,Bulgaria,2014,,587.36,,,,,
dataflow,ESTAT:NAMA_10_A10_E(1.0),Employment by main industry (NACE Rev.2) - national accounts,A,Annual,THS_PER,Thousand persons,C,Manufacturing,EMP_DC,Total employment domestic concept,BG,Bulgaria,2017,,615.19,,,,,
dataflow,ESTAT:NAMA_10_A10_E(1.0),Employment by main industry (NACE Rev.2) - national accounts,A,Annual,THS_PER,Thousand persons,C,Manufacturing,EMP_DC,Total employment domestic concept,BG,Bulgaria,2023,,573.41,,,,,
dataflow,ESTAT:NAMA_10_A10_E(1.0),Employment by main industry (NACE Rev.2) - national accounts,A,Annual,THS_PER,Thousand persons,C,Manufacturing,EMP_DC,Total employment domestic concept,BG,Bulgaria,2024,,562.92,,,,,
dataflow,ESTAT:NAMA_10_A10_E(1.0),Employment by main industry (NACE Rev.2) - national accounts,A,Annual,THS_PER,Thousand persons,C,Manufacturing,EMP_DC,Total employment domestic concept,CY,Cyprus,2012,,33.25,,,,,
dataflow,ESTAT:NAMA_10_A10_E(1.0),Employment by main industry (NACE Rev.2) - national accounts,A,Annual,THS_PER,Thousand persons,C,Manufacturing,EMP_DC,Total employment domestic concept,CY,Cyprus,2014,,28.33,,,,,
dataflow,ESTAT:NAMA_10_A10_E(1.0),Employment by main industry (NACE Rev.2) - national accounts,A,Annual,THS_PER,Thousand persons,C,Manufacturing,EMP_DC,Total employment domestic concept,CY,Cyprus,2017,,32.42,,,,,
dataflow,ESTAT:NAMA_10_A10_E(1.0),Employment by main industry (NACE Rev.2) - national accounts,A,Annual,THS_PER,Thousand persons,C,Manufacturing,EMP_DC,Total employment domestic concept,CY,Cyprus,2023,,35.63,,,,,
dataflow,ESTAT:NAMA_10_A10_E(1.0),Employment by main industry (NACE Rev.2) - national accounts,A,Annual,THS_PER,Thousand persons,C,Manufacturing,EMP_DC,Total employment domestic concept,CY,Cyprus,2024,,36.27,,p,provisional,,
dataflow,ESTAT:NAMA_10_A10_E(1.0),Employment by main industry (NACE Rev.2) - national accounts,A,Annual,THS_PER,Thousand persons,C,Manufacturing,EMP_DC,Total employment domestic concept,CZ,Czechia,2012,,1315.07,,,,,
dataflow,ESTAT:NAMA_10_A10_E(1.0),Employment by main industry (NACE Rev.2) - national accounts,A,Annual,THS_PER,Thousand persons,C,Manufacturing,EMP_DC,Total employment domestic concept,CZ,Czechia,2014,,1336.74,,,,,
dataflow,ESTAT:NAMA_10_A10_E(1.0),Employment by main industry (NACE Rev.2) - national accounts,A,Annual,THS_PER,Thousand persons,C,Manufacturing,EMP_DC,Total employment domestic concept,CZ,Czechia,2017,,1428.17,,,,,
dataflow,ESTAT:NAMA_10_A10_E(1.0),Employment by main industry (NACE Rev.2) - national accounts,A,Annual,THS_PER,Thousand persons,C,Manufacturing,EMP_DC,Total employment domestic concept,CZ,Czechia,2023,,1336.02,,,,,
dataflow,ESTAT:NAMA_10_A10_E(1.0),Employment by main industry (NACE Rev.2) - national accounts,A,Annual,THS_PER,Thousand persons,C,Manufacturing,EMP_DC,Total employment domestic concept,CZ,Czechia,2024,,1312.03,,,,,
dataflow,ESTAT:NAMA_10_A10_E(1.0),Employment by main industry (NACE Rev.2) - national accounts,A,Annual,THS_PER,Thousand persons,C,Manufacturing,EMP_DC,Total employment domestic concept,DE,Germany,2012,,7413.00,,,,,
dataflow,ESTAT:NAMA_10_A10_E(1.0),Employment by main industry (NACE Rev.2) - national accounts,A,Annual,THS_PER,Thousand persons,C,Manufacturing,EMP_DC,Total employment domestic concept,DE,Germany,2014,,7481.00,,,,,
dataflow,ESTAT:NAMA_10_A10_E(1.0),Employment by main industry (NACE Rev.2) - national accounts,A,Annual,THS_PER,Thousand persons,C,Manufacturing,EMP_DC,Total employment domestic concept,DE,Germany,2017,,7603.00,,,,,
dataflow,ESTAT:NAMA_10_A10_E(1.0),Employment by main industry (NACE Rev.2) - national accounts,A,Annual,THS_PER,Thousand persons,C,Manufacturing,EMP_DC,Total employment domestic concept,DE,Germany,2023,,7489.00,,p,provisional,,
dataflow,ESTAT:NAMA_10_A10_E(1.0),Employment by main industry (NACE Rev.2) - national accounts,A,Annual,THS_PER,Thousand persons,C,Manufacturing,EMP_DC,Total employment domestic concept,DE,Germany,2024,,7413.00,,p,provisional,,
dataflow,ESTAT:NAMA_10_A10_E(1.0),Employment by main industry (NACE Rev.2) - national accounts,A,Annual,THS_PER,Thousand persons,C,Manufacturing,EMP_DC,Total employment domestic concept,DK,Denmark,2012,,283.34,,,,,
dataflow,ESTAT:NAMA_10_A10_E(1.0),Employment by main industry (NACE Rev.2) - national accounts,A,Annual,THS_PER,Thousand persons,C,Manufacturing,EMP_DC,Total employment domestic concept,DK,Denmark,2014,,276.77,,,,,
dataflow,ESTAT:NAMA_10_A10_E(1.0),Employment by main industry (NACE Rev.2) - national accounts,A,Annual,THS_PER,Thousand persons,C,Manufacturing,EMP_DC,Total employment domestic concept,DK,Denmark,2017,,290.04,,,,,
dataflow,ESTAT:NAMA_10_A10_E(1.0),Employment by main industry (NACE Rev.2) - national accounts,A,Annual,THS_PER,Thousand persons,C,Manufacturing,EMP_DC,Total employment domestic concept,DK,Denmark,2023,,310.76,,,,,
dataflow,ESTAT:NAMA_10_A10_E(1.0),Employment by main industry (NACE Rev.2) - national accounts,A,Annual,THS_PER,Thousand persons,C,Manufacturing,EMP_DC,Total employment domestic concept,DK,Denmark,2024,,318.00,,,,,
dataflow,ESTAT:NAMA_10_A10_E(1.0),Employment by main industry (NACE Rev.2) - national accounts,A,Annual,THS_PER,Thousand persons,C,Manufacturing,EMP_DC,Total employment domestic concept,EE,Estonia,2012,,112.60,,,,,
dataflow,ESTAT:NAMA_10_A10_E(1.0),Employment by main industry (NACE Rev.2) - national accounts,A,Annual,THS_PER,Thousand persons,C,Manufacturing,EMP_DC,Total employment domestic concept,EE,Estonia,2014,,111.40,,,,,
dataflow,ESTAT:NAMA_10_A10_E(1.0),Employment by main industry (NACE Rev.2) - national accounts,A,Annual,THS_PER,Thousand persons,C,Manufacturing,EMP_DC,Total employment domestic concept,EE,Estonia,2017,,122.90,,,,,
dataflow,ESTAT:NAMA_10_A10_E(1.0),Employment by main industry (NACE Rev.2) - national accounts,A,Annual,THS_PER,Thousand persons,C,Manufacturing,EMP_DC,Total employment domestic concept,EE,Estonia,2023,,119.06,,,,,
dataflow,ESTAT:NAMA_10_A10_E(1.0),Employment by main industry (NACE Rev.2) - national accounts,A,Annual,THS_PER,Thousand persons,C,Manufacturing,EMP_DC,Total employment domestic concept,EE,Estonia,2024,,109.69,,,,,
dataflow,ESTAT:NAMA_10_A10_E(1.0),Employment by main industry (NACE Rev.2) - national accounts,A,Annual,THS_PER,Thousand persons,C,Manufacturing,EMP_DC,Total employment domestic concept,EL,Greece,2012,,349.99,,,,,
dataflow,ESTAT:NAMA_10_A10_E(1.0),Employment by main industry (NACE Rev.2) - national accounts,A,Annual,THS_PER,Thousand persons,C,Manufacturing,EMP_DC,Total employment domestic concept,EL,Greece,2014,,345.75,,,,,
dataflow,ESTAT:NAMA_10_A10_E(1.0),Employment by main industry (NACE Rev.2) - national accounts,A,Annual,THS_PER,Thousand persons,C,Manufacturing,EMP_DC,Total employment domestic concept,EL,Greece,2017,,333.23,,,,,
dataflow,ESTAT:NAMA_10_A10_E(1.0),Employment by main industry (NACE Rev.2) - national accounts,A,Annual,THS_PER,Thousand persons,C,Manufacturing,EMP_DC,Total employment domestic concept,EL,Greece,2023,,415.81,,p,provisional,,
dataflow,ESTAT:NAMA_10_A10_E(1.0),Employment by main industry (NACE Rev.2) - national accounts,A,Annual,THS_PER,Thousand persons,C,Manufacturing,EMP_DC,Total employment domestic concept,EL,Greece,2024,,419.94,,p,provisional,,
dataflow,ESTAT:NAMA_10_A10_E(1.0),Employment by main industry (NACE Rev.2) - national accounts,A,Annual,THS_PER,Thousand persons,C,Manufacturing,EMP_DC,Total employment domestic concept,ES,Spain,2012,,1991.80,,,,,
dataflow,ESTAT:NAMA_10_A10_E(1.0),Employment by main industry (NACE Rev.2) - national accounts,A,Annual,THS_PER,Thousand persons,C,Manufacturing,EMP_DC,Total employment domestic concept,ES,Spain,2014,,1874.40,,,,,
dataflow,ESTAT:NAMA_10_A10_E(1.0),Employment by main industry (NACE Rev.2) - national accounts,A,Annual,THS_PER,Thousand persons,C,Manufacturing,EMP_DC,Total employment domestic concept,ES,Spain,2017,,2053.70,,,,,
dataflow,ESTAT:NAMA_10_A10_E(1.0),Employment by main industry (NACE Rev.2) - national accounts,A,Annual,THS_PER,Thousand persons,C,Manufacturing,EMP_DC,Total employment domestic concept,ES,Spain,2023,,2148.80,,p,provisional,,
dataflow,ESTAT:NAMA_10_A10_E(1.0),Employment by main industry (NACE Rev.2) - national accounts,A,Annual,THS_PER,Thousand persons,C,Manufacturing,EMP_DC,Total employment domestic concept,ES,Spain,2024,,2201.50,,p,provisional,,
dataflow,ESTAT:NAMA_10_A10_E(1.0),Employment by main industry (NACE Rev.2) - national accounts,A,Annual,THS_PER,Thousand persons,C,Manufacturing,EMP_DC,Total employment domestic concept,FI,Finland,2012,,368.60,,,,,
dataflow,ESTAT:NAMA_10_A10_E(1.0),Employment by main industry (NACE Rev.2) - national accounts,A,Annual,THS_PER,Thousand persons,C,Manufacturing,EMP_DC,Total employment domestic concept,FI,Finland,2014,,345.10,,,,,
dataflow,ESTAT:NAMA_10_A10_E(1.0),Employment by main industry (NACE Rev.2) - national accounts,A,Annual,THS_PER,Thousand persons,C,Manufacturing,EMP_DC,Total employment domestic concept,FI,Finland,2017,,336.60,,,,,
dataflow,ESTAT:NAMA_10_A10_E(1.0),Employment by main industry (NACE Rev.2) - national accounts,A,Annual,THS_PER,Thousand persons,C,Manufacturing,EMP_DC,Total employment domestic concept,FI,Finland,2023,,347.30,,,,,
dataflow,ESTAT:NAMA_10_A10_E(1.0),Employment by main industry (NACE Rev.2) - national accounts,A,Annual,THS_PER,Thousand persons,C,Manufacturing,EMP_DC,Total employment domestic concept,FI,Finland,2024,,344.80,,,,,
dataflow,ESTAT:NAMA_10_A10_E(1.0),Employment by main industry (NACE Rev.2) - national accounts,A,Annual,THS_PER,Thousand persons,C,Manufacturing,EMP_DC,Total employment domestic concept,FR,France,2012,,2753.00,,,,,
dataflow,ESTAT:NAMA_10_A10_E(1.0),Employment by main industry (NACE Rev.2) - national accounts,A,Annual,THS_PER,Thousand persons,C,Manufacturing,EMP_DC,Total employment domestic concept,FR,France,2014,,2707.00,,,,,
dataflow,ESTAT:NAMA_10_A10_E(1.0),Employment by main industry (NACE Rev.2) - national accounts,A,Annual,THS_PER,Thousand persons,C,Manufacturing,EMP_DC,Total employment domestic concept,FR,France,2017,,2623.00,,,,,
dataflow,ESTAT:NAMA_10_A10_E(1.0),Employment by main industry (NACE Rev.2) - national accounts,A,Annual,THS_PER,Thousand persons,C,Manufacturing,EMP_DC,Total employment domestic concept,FR,France,2023,,2782.00,,p,provisional,,
dataflow,ESTAT:NAMA_10_A10_E(1.0),Employment by main industry (NACE Rev.2) - national accounts,A,Annual,THS_PER,Thousand persons,C,Manufacturing,EMP_DC,Total employment domestic concept,FR,France,2024,,2803.00,,p,provisional,,
dataflow,ESTAT:NAMA_10_A10_E(1.0),Employment by main industry (NACE Rev.2) - national accounts,A,Annual,THS_PER,Thousand persons,C,Manufacturing,EMP_DC,Total employment domestic concept,HR,Croatia,2012,,262.46,,b,break in time series,,
dataflow,ESTAT:NAMA_10_A10_E(1.0),Employment by main industry (NACE Rev.2) - national accounts,A,Annual,THS_PER,Thousand persons,C,Manufacturing,EMP_DC,Total employment domestic concept,HR,Croatia,2014,,258.09,,,,,
dataflow,ESTAT:NAMA_10_A10_E(1.0),Employment by main industry (NACE Rev.2) - national accounts,A,Annual,THS_PER,Thousand persons,C,Manufacturing,EMP_DC,Total employment domestic concept,HR,Croatia,2017,,257.72,,,,,
dataflow,ESTAT:NAMA_10_A10_E(1.0),Employment by main industry (NACE Rev.2) - national accounts,A,Annual,THS_PER,Thousand persons,C,Manufacturing,EMP_DC,Total employment domestic concept,HR,Croatia,2023,,275.73,,,,,
dataflow,ESTAT:NAMA_10_A10_E(1.0),Employment by main industry (NACE Rev.2) - national accounts,A,Annual,THS_PER,Thousand persons,C,Manufacturing,EMP_DC,Total employment domestic concept,HR,Croatia,2024,,276.34,,p,provisional,,
dataflow,ESTAT:NAMA_10_A10_E(1.0),Employment by main industry (NACE Rev.2) - national accounts,A,Annual,THS_PER,Thousand persons,C,Manufacturing,EMP_DC,Total employment domestic concept,HU,Hungary,2012,,799.37,,,,,
dataflow,ESTAT:NAMA_10_A10_E(1.0),Employment by main industry (NACE Rev.2) - national accounts,A,Annual,THS_PER,Thousand persons,C,Manufacturing,EMP_DC,Total employment domestic concept,HU,Hungary,2014,,792.08,,,,,
dataflow,ESTAT:NAMA_10_A10_E(1.0),Employment by main industry (NACE Rev.2) - national accounts,A,Annual,THS_PER,Thousand persons,C,Manufacturing,EMP_DC,Total employment domestic concept,HU,Hungary,2017,,859.62,,,,,
dataflow,ESTAT:NAMA_10_A10_E(1.0),Employment by main industry (NACE Rev.2) - national accounts,A,Annual,THS_PER,Thousand persons,C,Manufacturing,EMP_DC,Total employment domestic concept,HU,Hungary,2023,,886.89,,,,,
dataflow,ESTAT:NAMA_10_A10_E(1.0),Employment by main industry (NACE Rev.2) - national accounts,A,Annual,THS_PER,Thousand persons,C,Manufacturing,EMP_DC,Total employment domestic concept,HU,Hungary,2024,,873.37,,,,,
dataflow,ESTAT:NAMA_10_A10_E(1.0),Employment by main industry (NACE Rev.2) - national accounts,A,Annual,THS_PER,Thousand persons,C,Manufacturing,EMP_DC,Total employment domestic concept,IE,Ireland,2012,,211.07,,,,,
dataflow,ESTAT:NAMA_10_A10_E(1.0),Employment by main industry (NACE Rev.2) - national accounts,A,Annual,THS_PER,Thousand persons,C,Manufacturing,EMP_DC,Total employment domestic concept,IE,Ireland,2014,,222.50,,,,,
dataflow,ESTAT:NAMA_10_A10_E(1.0),Employment by main industry (NACE Rev.2) - national accounts,A,Annual,THS_PER,Thousand persons,C,Manufacturing,EMP_DC,Total employment domestic concept,IE,Ireland,2017,,253.70,,,,,
dataflow,ESTAT:NAMA_10_A10_E(1.0),Employment by main industry (NACE Rev.2) - national accounts,A,Annual,THS_PER,Thousand persons,C,Manufacturing,EMP_DC,Total employment domestic concept,IE,Ireland,2023,,288.60,,,,,
dataflow,ESTAT:NAMA_10_A10_E(1.0),Employment by main industry (NACE Rev.2) - national accounts,A,Annual,THS_PER,Thousand persons,C,Manufacturing,EMP_DC,Total employment domestic concept,IE,Ireland,2024,,290.98,,,,,
dataflow,ESTAT:NAMA_10_A10_E(1.0),Employment by main industry (NACE Rev.2) - national accounts,A,Annual,THS_PER,Thousand persons,C,Manufacturing,EMP_DC,Total employment domestic concept,IT,Italy,2012,,3991.80,,,,,
dataflow,ESTAT:NAMA_10_A10_E(1.0),Employment by main industry (NACE Rev.2) - national accounts,A,Annual,THS_PER,Thousand persons,C,Manufacturing,EMP_DC,Total employment domestic concept,IT,Italy,2014,,3804.20,,,,,
dataflow,ESTAT:NAMA_10_A10_E(1.0),Employment by main industry (NACE Rev.2) - national accounts,A,Annual,THS_PER,Thousand persons,C,Manufacturing,EMP_DC,Total employment domestic concept,IT,Italy,2017,,3828.40,,,,,
dataflow,ESTAT:NAMA_10_A10_E(1.0),Employment by main industry (NACE Rev.2) - national accounts,A,Annual,THS_PER,Thousand persons,C,Manufacturing,EMP_DC,Total employment domestic concept,IT,Italy,2023,,3929.30,,,,,
dataflow,ESTAT:NAMA_10_A10_E(1.0),Employment by main industry (NACE Rev.2) - national accounts,A,Annual,THS_PER,Thousand persons,C,Manufacturing,EMP_DC,Total employment domestic concept,IT,Italy,2024,,3954.70,,,,,
dataflow,ESTAT:NAMA_10_A10_E(1.0),Employment by main industry (NACE Rev.2) - national accounts,A,Annual,THS_PER,Thousand persons,C,Manufacturing,EMP_DC,Total employment domestic concept,LT,Lithuania,2012,,201.93,,,,,
dataflow,ESTAT:NAMA_10_A10_E(1.0),Employment by main industry (NACE Rev.2) - national accounts,A,Annual,THS_PER,Thousand persons,C,Manufacturing,EMP_DC,Total employment domestic concept,LT,Lithuania,2014,,199.99,,,,,
dataflow,ESTAT:NAMA_10_A10_E(1.0),Employment by main industry (NACE Rev.2) - national accounts,A,Annual,THS_PER,Thousand persons,C,Manufacturing,EMP_DC,Total employment domestic concept,LT,Lithuania,2017,,209.97,,,,,
dataflow,ESTAT:NAMA_10_A10_E(1.0),Employment by main industry (NACE Rev.2) - national accounts,A,Annual,THS_PER,Thousand persons,C,Manufacturing,EMP_DC,Total employment domestic concept,LT,Lithuania,2023,,233.19,,,,,
dataflow,ESTAT:NAMA_10_A10_E(1.0),Employment by main industry (NACE Rev.2) - national accounts,A,Annual,THS_PER,Thousand persons,C,Manufacturing,EMP_DC,Total employment domestic concept,LT,Lithuania,2024,,237.94,,,,,
dataflow,ESTAT:NAMA_10_A10_E(1.0),Employment by main industry (NACE Rev.2) - national accounts,A,Annual,THS_PER,Thousand persons,C,Manufacturing,EMP_DC,Total employment domestic concept,LU,Luxembourg,2012,,32.64,,,,,
dataflow,ESTAT:NAMA_10_A10_E(1.0),Employment by main industry (NACE Rev.2) - national accounts,A,Annual,THS_PER,Thousand persons,C,Manufacturing,EMP_DC,Total employment domestic concept,LU,Luxembourg,2014,,31.80,,,,,
dataflow,ESTAT:NAMA_10_A10_E(1.0),Employment by main industry (NACE Rev.2) - national accounts,A,Annual,THS_PER,Thousand persons,C,Manufacturing,EMP_DC,Total employment domestic concept,LU,Luxembourg,2017,,33.06,,,,,
dataflow,ESTAT:NAMA_10_A10_E(1.0),Employment by main industry (NACE Rev.2) - national accounts,A,Annual,THS_PER,Thousand persons,C,Manufacturing,EMP_DC,Total employment domestic concept,LU,Luxembourg,2023,,33.05,,,,,
dataflow,ESTAT:NAMA_10_A10_E(1.0),Employment by main industry (NACE Rev.2) - national accounts,A,Annual,THS_PER,Thousand persons,C,Manufacturing,EMP_DC,Total employment domestic concept,LU,Luxembourg,2024,,32.57,,,,,
dataflow,ESTAT:NAMA_10_A10_E(1.0),Employment by main industry (NACE Rev.2) - national accounts,A,Annual,THS_PER,Thousand persons,C,Manufacturing,EMP_DC,Total employment domestic concept,LV,Latvia,2012,,124.88,,,,,
dataflow,ESTAT:NAMA_10_A10_E(1.0),Employment by main industry (NACE Rev.2) - national accounts,A,Annual,THS_PER,Thousand persons,C,Manufacturing,EMP_DC,Total employment domestic concept,LV,Latvia,2014,,119.03,,,,,
dataflow,ESTAT:NAMA_10_A10_E(1.0),Employment by main industry (NACE Rev.2) - national accounts,A,Annual,THS_PER,Thousand persons,C,Manufacturing,EMP_DC,Total employment domestic concept,LV,Latvia,2017,,117.84,,,,,
dataflow,ESTAT:NAMA_10_A10_E(1.0),Employment by main industry (NACE Rev.2) - national accounts,A,Annual,THS_PER,Thousand persons,C,Manufacturing,EMP_DC,Total employment domestic concept,LV,Latvia,2023,,116.02,,,,,
dataflow,ESTAT:NAMA_10_A10_E(1.0),Employment by main industry (NACE Rev.2) - national accounts,A,Annual,THS_PER,Thousand persons,C,Manufacturing,EMP_DC,Total employment domestic concept,LV,Latvia,2024,,112.02,,,,,
dataflow,ESTAT:NAMA_10_A10_E(1.0),Employment by main industry (NACE Rev.2) - national accounts,A,Annual,THS_PER,Thousand persons,C,Manufacturing,EMP_DC,Total employment domestic concept,MT,Malta,2012,,21.12,,,,,
dataflow,ESTAT:NAMA_10_A10_E(1.0),Employment by main industry (NACE Rev.2) - national accounts,A,Annual,THS_PER,Thousand persons,C,Manufacturing,EMP_DC,Total employment domestic concept,MT,Malta,2014,,21.35,,,,,
dataflow,ESTAT:NAMA_10_A10_E(1.0),Employment by main industry (NACE Rev.2) - national accounts,A,Annual,THS_PER,Thousand persons,C,Manufacturing,EMP_DC,Total employment domestic concept,MT,Malta,2017,,22.09,,,,,
dataflow,ESTAT:NAMA_10_A10_E(1.0),Employment by main industry (NACE Rev.2) - national accounts,A,Annual,THS_PER,Thousand persons,C,Manufacturing,EMP_DC,Total employment domestic concept,MT,Malta,2023,,24.37,,,,,
dataflow,ESTAT:NAMA_10_A10_E(1.0),Employment by main industry (NACE Rev.2) - national accounts,A,Annual,THS_PER,Thousand persons,C,Manufacturing,EMP_DC,Total employment domestic concept,MT,Malta,2024,,25.02,,,,,
dataflow,ESTAT:NAMA_10_A10_E(1.0),Employment by main industry (NACE Rev.2) - national accounts,A,Annual,THS_PER,Thousand persons,C,Manufacturing,EMP_DC,Total employment domestic concept,NL,Netherlands,2012,,677.00,,,,,
dataflow,ESTAT:NAMA_10_A10_E(1.0),Employment by main industry (NACE Rev.2) - national accounts,A,Annual,THS_PER,Thousand persons,C,Manufacturing,EMP_DC,Total employment domestic concept,NL,Netherlands,2014,,662.00,,,,,
dataflow,ESTAT:NAMA_10_A10_E(1.0),Employment by main industry (NACE Rev.2) - national accounts,A,Annual,THS_PER,Thousand persons,C,Manufacturing,EMP_DC,Total employment domestic concept,NL,Netherlands,2017,,685.00,,,,,
dataflow,ESTAT:NAMA_10_A10_E(1.0),Employment by main industry (NACE Rev.2) - national accounts,A,Annual,THS_PER,Thousand persons,C,Manufacturing,EMP_DC,Total employment domestic concept,NL,Netherlands,2023,,757.00,,p,provisional,,
dataflow,ESTAT:NAMA_10_A10_E(1.0),Employment by main industry (NACE Rev.2) - national accounts,A,Annual,THS_PER,Thousand persons,C,Manufacturing,EMP_DC,Total employment domestic concept,NL,Netherlands,2024,,759.00,,p,provisional,,
dataflow,ESTAT:NAMA_10_A10_E(1.0),Employment by main industry (NACE Rev.2) - national accounts,A,Annual,THS_PER,Thousand persons,C,Manufacturing,EMP_DC,Total employment domestic concept,PL,Poland,2012,,2878.80,,,,,
dataflow,ESTAT:NAMA_10_A10_E(1.0),Employment by main industry (NACE Rev.2) - national accounts,A,Annual,THS_PER,Thousand persons,C,Manufacturing,EMP_DC,Total employment domestic concept,PL,Poland,2014,,3004.80,,,,,
dataflow,ESTAT:NAMA_10_A10_E(1.0),Employment by main industry (NACE Rev.2) - national accounts,A,Annual,THS_PER,Thousand persons,C,Manufacturing,EMP_DC,Total employment domestic concept,PL,Poland,2017,,3405.20,,,,,
dataflow,ESTAT:NAMA_10_A10_E(1.0),Employment by main industry (NACE Rev.2) - national accounts,A,Annual,THS_PER,Thousand persons,C,Manufacturing,EMP_DC,Total employment domestic concept,PL,Poland,2023,,3257.20,,,,,
dataflow,ESTAT:NAMA_10_A10_E(1.0),Employment by main industry (NACE Rev.2) - national accounts,A,Annual,THS_PER,Thousand persons,C,Manufacturing,EMP_DC,Total employment domestic concept,PL,Poland,2024,,3333.80,,,,,
dataflow,ESTAT:NAMA_10_A10_E(1.0),Employment by main industry (NACE Rev.2) - national accounts,A,Annual,THS_PER,Thousand persons,C,Manufacturing,EMP_DC,Total employment domestic concept,PT,Portugal,2012,,685.16,,,,,
dataflow,ESTAT:NAMA_10_A10_E(1.0),Employment by main industry (NACE Rev.2) - national accounts,A,Annual,THS_PER,Thousand persons,C,Manufacturing,EMP_DC,Total employment domestic concept,PT,Portugal,2014,,686.92,,,,,
dataflow,ESTAT:NAMA_10_A10_E(1.0),Employment by main industry (NACE Rev.2) - national accounts,A,Annual,THS_PER,Thousand persons,C,Manufacturing,EMP_DC,Total employment domestic concept,PT,Portugal,2017,,735.60,,,,,
dataflow,ESTAT:NAMA_10_A10_E(1.0),Employment by main industry (NACE Rev.2) - national accounts,A,Annual,THS_PER,Thousand persons,C,Manufacturing,EMP_DC,Total employment domestic concept,PT,Portugal,2023,,732.44,,,,,
dataflow,ESTAT:NAMA_10_A10_E(1.0),Employment by main industry (NACE Rev.2) - national accounts,A,Annual,THS_PER,Thousand persons,C,Manufacturing,EMP_DC,Total employment domestic concept,PT,Portugal,2024,,731.80,,p,provisional,,
dataflow,ESTAT:NAMA_10_A10_E(1.0),Employment by main industry (NACE Rev.2) - national accounts,A,Annual,THS_PER,Thousand persons,C,Manufacturing,EMP_DC,Total employment domestic concept,RO,Romania,2012,,1505.70,,,,,
dataflow,ESTAT:NAMA_10_A10_E(1.0),Employment by main industry (NACE Rev.2) - national accounts,A,Annual,THS_PER,Thousand persons,C,Manufacturing,EMP_DC,Total employment domestic concept,RO,Romania,2014,,1570.10,,,,,
dataflow,ESTAT:NAMA_10_A10_E(1.0),Employment by main industry (NACE Rev.2) - national accounts,A,Annual,THS_PER,Thousand persons,C,Manufacturing,EMP_DC,Total employment domestic concept,RO,Romania,2017,,1625.70,,,,,
dataflow,ESTAT:NAMA_10_A10_E(1.0),Employment by main industry (NACE Rev.2) - national accounts,A,Annual,THS_PER,Thousand persons,C,Manufacturing,EMP_DC,Total employment domestic concept,RO,Romania,2023,,1471.60,,,,,
dataflow,ESTAT:NAMA_10_A10_E(1.0),Employment by main industry (NACE Rev.2) - national accounts,A,Annual,THS_PER,Thousand persons,C,Manufacturing,EMP_DC,Total employment domestic concept,RO,Romania,2024,,1462.80,,p,provisional,,
dataflow,ESTAT:NAMA_10_A10_E(1.0),Employment by main industry (NACE Rev.2) - national accounts,A,Annual,THS_PER,Thousand persons,C,Manufacturing,EMP_DC,Total employment domestic concept,SE,Sweden,2012,,571.10,,,,,
dataflow,ESTAT:NAMA_10_A10_E(1.0),Employment by main industry (NACE Rev.2) - national accounts,A,Annual,THS_PER,Thousand persons,C,Manufacturing,EMP_DC,Total employment domestic concept,SE,Sweden,2014,,551.90,,,,,
dataflow,ESTAT:NAMA_10_A10_E(1.0),Employment by main industry (NACE Rev.2) - national accounts,A,Annual,THS_PER,Thousand persons,C,Manufacturing,EMP_DC,Total employment domestic concept,SE,Sweden,2017,,545.70,,,,,
dataflow,ESTAT:NAMA_10_A10_E(1.0),Employment by main industry (NACE Rev.2) - national accounts,A,Annual,THS_PER,Thousand persons,C,Manufacturing,EMP_DC,Total employment domestic concept,SE,Sweden,2023,,574.30,,,,,
dataflow,ESTAT:NAMA_10_A10_E(1.0),Employment by main industry (NACE Rev.2) - national accounts,A,Annual,THS_PER,Thousand persons,C,Manufacturing,EMP_DC,Total employment domestic concept,SE,Sweden,2024,,574.20,,,,,
dataflow,ESTAT:NAMA_10_A10_E(1.0),Employment by main industry (NACE Rev.2) - national accounts,A,Annual,THS_PER,Thousand persons,C,Manufacturing,EMP_DC,Total employment domestic concept,SI,Slovenia,2012,,192.30,,,,,
dataflow,ESTAT:NAMA_10_A10_E(1.0),Employment by main industry (NACE Rev.2) - national accounts,A,Annual,THS_PER,Thousand persons,C,Manufacturing,EMP_DC,Total employment domestic concept,SI,Slovenia,2014,,188.65,,,,,
dataflow,ESTAT:NAMA_10_A10_E(1.0),Employment by main industry (NACE Rev.2) - national accounts,A,Annual,THS_PER,Thousand persons,C,Manufacturing,EMP_DC,Total employment domestic concept,SI,Slovenia,2017,,205.15,,,,,
dataflow,ESTAT:NAMA_10_A10_E(1.0),Employment by main industry (NACE Rev.2) - national accounts,A,Annual,THS_PER,Thousand persons,C,Manufacturing,EMP_DC,Total employment domestic concept,SI,Slovenia,2023,,225.43,,,,,
dataflow,ESTAT:NAMA_10_A10_E(1.0),Employment by main industry (NACE Rev.2) - national accounts,A,Annual,THS_PER,Thousand persons,C,Manufacturing,EMP_DC,Total employment domestic concept,SI,Slovenia,2024,,222.32,,,,,
dataflow,ESTAT:NAMA_10_A10_E(1.0),Employment by main industry (NACE Rev.2) - national accounts,A,Annual,THS_PER,Thousand persons,C,Manufacturing,EMP_DC,Total employment domestic concept,SK,Slovakia,2012,,476.23,,,,,
dataflow,ESTAT:NAMA_10_A10_E(1.0),Employment by main industry (NACE Rev.2) - national accounts,A,Annual,THS_PER,Thousand persons,C,Manufacturing,EMP_DC,Total employment domestic concept,SK,Slovakia,2014,,477.89,,,,,
dataflow,ESTAT:NAMA_10_A10_E(1.0),Employment by main industry (NACE Rev.2) - national accounts,A,Annual,THS_PER,Thousand persons,C,Manufacturing,EMP_DC,Total employment domestic concept,SK,Slovakia,2017,,526.84,,,,,
dataflow,ESTAT:NAMA_10_A10_E(1.0),Employment by main industry (NACE Rev.2) - national accounts,A,Annual,THS_PER,Thousand persons,C,Manufacturing,EMP_DC,Total employment domestic concept,SK,Slovakia,2023,,513.51,,,,,
dataflow,ESTAT:NAMA_10_A10_E(1.0),Employment by main industry (NACE Rev.2) - national accounts,A,Annual,THS_PER,Thousand persons,C,Manufacturing,EMP_DC,Total employment domestic concept,SK,Slovakia,2024,,503.42,,,,,
dataflow,ESTAT:NAMA_10_A10_E(1.0),Employment by main industry (NACE Rev.2) - national accounts,A,Annual,THS_PER,Thousand persons,TOTAL,Total - all NACE activities,EMP_DC,Total employment domestic concept,AT,Austria,2012,,4205.16,,,,,
dataflow,ESTAT:NAMA_10_A10_E(1.0),Employment by main industry (NACE Rev.2) - national accounts,A,Annual,THS_PER,Thousand persons,TOTAL,Total - all NACE activities,EMP_DC,Total employment domestic concept,AT,Austria,2014,,4266.24,,,,,
dataflow,ESTAT:NAMA_10_A10_E(1.0),Employment by main industry (NACE Rev.2) - national accounts,A,Annual,THS_PER,Thousand persons,TOTAL,Total - all NACE activities,EMP_DC,Total employment domestic concept,AT,Austria,2017,,4420.12,,,,,
dataflow,ESTAT:NAMA_10_A10_E(1.0),Employment by main industry (NACE Rev.2) - national accounts,A,Annual,THS_PER,Thousand persons,TOTAL,Total - all NACE activities,EMP_DC,Total employment domestic concept,AT,Austria,2023,,4728.23,,,,,
dataflow,ESTAT:NAMA_10_A10_E(1.0),Employment by main industry (NACE Rev.2) - national accounts,A,Annual,THS_PER,Thousand persons,TOTAL,Total - all NACE activities,EMP_DC,Total employment domestic concept,AT,Austria,2024,,4731.97,,,,,
dataflow,ESTAT:NAMA_10_A10_E(1.0),Employment by main industry (NACE Rev.2) - national accounts,A,Annual,THS_PER,Thousand persons,TOTAL,Total - all NACE activities,EMP_DC,Total employment domestic concept,BE,Belgium,2012,,4563.20,,,,,
dataflow,ESTAT:NAMA_10_A10_E(1.0),Employment by main industry (NACE Rev.2) - national accounts,A,Annual,THS_PER,Thousand persons,TOTAL,Total - all NACE activities,EMP_DC,Total employment domestic concept,BE,Belgium,2014,,4569.20,,,,,
dataflow,ESTAT:NAMA_10_A10_E(1.0),Employment by main industry (NACE Rev.2) - national accounts,A,Annual,THS_PER,Thousand persons,TOTAL,Total - all NACE activities,EMP_DC,Total employment domestic concept,BE,Belgium,2017,,4734.80,,,,,
dataflow,ESTAT:NAMA_10_A10_E(1.0),Employment by main industry (NACE Rev.2) - national accounts,A,Annual,THS_PER,Thousand persons,TOTAL,Total - all NACE activities,EMP_DC,Total employment domestic concept,BE,Belgium,2023,,5090.90,,,,,
dataflow,ESTAT:NAMA_10_A10_E(1.0),Employment by main industry (NACE Rev.2) - national accounts,A,Annual,THS_PER,Thousand persons,TOTAL,Total - all NACE activities,EMP_DC,Total employment domestic concept,BE,Belgium,2024,,5103.80,,p,provisional,,
dataflow,ESTAT:NAMA_10_A10_E(1.0),Employment by main industry (NACE Rev.2) - national accounts,A,Annual,THS_PER,Thousand persons,TOTAL,Total - all NACE activities,EMP_DC,Total employment domestic concept,BG,Bulgaria,2012,,3436.39,,,,,
dataflow,ESTAT:NAMA_10_A10_E(1.0),Employment by main industry (NACE Rev.2) - national accounts,A,Annual,THS_PER,Thousand persons,TOTAL,Total - all NACE activities,EMP_DC,Total employment domestic concept,BG,Bulgaria,2014,,3434.17,,,,,
dataflow,ESTAT:NAMA_10_A10_E(1.0),Employment by main industry (NACE Rev.2) - national accounts,A,Annual,THS_PER,Thousand persons,TOTAL,Total - all NACE activities,EMP_DC,Total employment domestic concept,BG,Bulgaria,2017,,3525.35,,,,,
dataflow,ESTAT:NAMA_10_A10_E(1.0),Employment by main industry (NACE Rev.2) - national accounts,A,Annual,THS_PER,Thousand persons,TOTAL,Total - all NACE activities,EMP_DC,Total employment domestic concept,BG,Bulgaria,2023,,3481.41,,,,,
dataflow,ESTAT:NAMA_10_A10_E(1.0),Employment by main industry (NACE Rev.2) - national accounts,A,Annual,THS_PER,Thousand persons,TOTAL,Total - all NACE activities,EMP_DC,Total employment domestic concept,BG,Bulgaria,2024,,3518.68,,,,,
dataflow,ESTAT:NAMA_10_A10_E(1.0),Employment by main industry (NACE Rev.2) - national accounts,A,Annual,THS_PER,Thousand persons,TOTAL,Total - all NACE activities,EMP_DC,Total employment domestic concept,CY,Cyprus,2012,,392.81,,,,,
dataflow,ESTAT:NAMA_10_A10_E(1.0),Employment by main industry (NACE Rev.2) - national accounts,A,Annual,THS_PER,Thousand persons,TOTAL,Total - all NACE activities,EMP_DC,Total employment domestic concept,CY,Cyprus,2014,,363.41,,,,,
dataflow,ESTAT:NAMA_10_A10_E(1.0),Employment by main industry (NACE Rev.2) - national accounts,A,Annual,THS_PER,Thousand persons,TOTAL,Total - all NACE activities,EMP_DC,Total employment domestic concept,CY,Cyprus,2017,,407.14,,,,,
dataflow,ESTAT:NAMA_10_A10_E(1.0),Employment by main industry (NACE Rev.2) - national accounts,A,Annual,THS_PER,Thousand persons,TOTAL,Total - all NACE activities,EMP_DC,Total employment domestic concept,CY,Cyprus,2023,,496.56,,,,,
dataflow,ESTAT:NAMA_10_A10_E(1.0),Employment by main industry (NACE Rev.2) - national accounts,A,Annual,THS_PER,Thousand persons,TOTAL,Total - all NACE activities,EMP_DC,Total employment domestic concept,CY,Cyprus,2024,,506.70,,p,provisional,,
dataflow,ESTAT:NAMA_10_A10_E(1.0),Employment by main industry (NACE Rev.2) - national accounts,A,Annual,THS_PER,Thousand persons,TOTAL,Total - all NACE activities,EMP_DC,Total employment domestic concept,CZ,Czechia,2012,,5058.26,,,,,
dataflow,ESTAT:NAMA_10_A10_E(1.0),Employment by main industry (NACE Rev.2) - national accounts,A,Annual,THS_PER,Thousand persons,TOTAL,Total - all NACE activities,EMP_DC,Total employment domestic concept,CZ,Czechia,2014,,5103.97,,,,,
dataflow,ESTAT:NAMA_10_A10_E(1.0),Employment by main industry (NACE Rev.2) - national accounts,A,Annual,THS_PER,Thousand persons,TOTAL,Total - all NACE activities,EMP_DC,Total employment domestic concept,CZ,Czechia,2017,,5298.12,,,,,
dataflow,ESTAT:NAMA_10_A10_E(1.0),Employment by main industry (NACE Rev.2) - national accounts,A,Annual,THS_PER,Thousand persons,TOTAL,Total - all NACE activities,EMP_DC,Total employment domestic concept,CZ,Czechia,2023,,5418.49,,,,,
dataflow,ESTAT:NAMA_10_A10_E(1.0),Employment by main industry (NACE Rev.2) - national accounts,A,Annual,THS_PER,Thousand persons,TOTAL,Total - all NACE activities,EMP_DC,Total employment domestic concept,CZ,Czechia,2024,,5450.85,,,,,
dataflow,ESTAT:NAMA_10_A10_E(1.0),Employment by main industry (NACE Rev.2) - national accounts,A,Annual,THS_PER,Thousand persons,TOTAL,Total - all NACE activities,EMP_DC,Total employment domestic concept,DE,Germany,2012,,42065.00,,,,,
dataflow,ESTAT:NAMA_10_A10_E(1.0),Employment by main industry (NACE Rev.2) - national accounts,A,Annual,THS_PER,Thousand persons,TOTAL,Total - all NACE activities,EMP_DC,Total employment domestic concept,DE,Germany,2014,,42756.00,,,,,
dataflow,ESTAT:NAMA_10_A10_E(1.0),Employment by main industry (NACE Rev.2) - national accounts,A,Annual,THS_PER,Thousand persons,TOTAL,Total - all NACE activities,EMP_DC,Total employment domestic concept,DE,Germany,2017,,44290.00,,,,,
dataflow,ESTAT:NAMA_10_A10_E(1.0),Employment by main industry (NACE Rev.2) - national accounts,A,Annual,THS_PER,Thousand persons,TOTAL,Total - all NACE activities,EMP_DC,Total employment domestic concept,DE,Germany,2023,,45935.00,,p,provisional,,
dataflow,ESTAT:NAMA_10_A10_E(1.0),Employment by main industry (NACE Rev.2) - national accounts,A,Annual,THS_PER,Thousand persons,TOTAL,Total - all NACE activities,EMP_DC,Total employment domestic concept,DE,Germany,2024,,45987.00,,p,provisional,,
dataflow,ESTAT:NAMA_10_A10_E(1.0),Employment by main industry (NACE Rev.2) - national accounts,A,Annual,THS_PER,Thousand persons,TOTAL,Total - all NACE activities,EMP_DC,Total employment domestic concept,DK,Denmark,2012,,2767.15,,,,,
dataflow,ESTAT:NAMA_10_A10_E(1.0),Employment by main industry (NACE Rev.2) - national accounts,A,Annual,THS_PER,Thousand persons,TOTAL,Total - all NACE activities,EMP_DC,Total employment domestic concept,DK,Denmark,2014,,2786.20,,,,,
dataflow,ESTAT:NAMA_10_A10_E(1.0),Employment by main industry (NACE Rev.2) - national accounts,A,Annual,THS_PER,Thousand persons,TOTAL,Total - all NACE activities,EMP_DC,Total employment domestic concept,DK,Denmark,2017,,2916.64,,,,,
dataflow,ESTAT:NAMA_10_A10_E(1.0),Employment by main industry (NACE Rev.2) - national accounts,A,Annual,THS_PER,Thousand persons,TOTAL,Total - all NACE activities,EMP_DC,Total employment domestic concept,DK,Denmark,2023,,3195.97,,,,,
dataflow,ESTAT:NAMA_10_A10_E(1.0),Employment by main industry (NACE Rev.2) - national accounts,A,Annual,THS_PER,Thousand persons,TOTAL,Total - all NACE activities,EMP_DC,Total employment domestic concept,DK,Denmark,2024,,3217.36,,,,,
dataflow,ESTAT:NAMA_10_A10_E(1.0),Employment by main industry (NACE Rev.2) - national accounts,A,Annual,THS_PER,Thousand persons,TOTAL,Total - all NACE activities,EMP_DC,Total employment domestic concept,EE,Estonia,2012,,593.50,,,,,
dataflow,ESTAT:NAMA_10_A10_E(1.0),Employment by main industry (NACE Rev.2) - national accounts,A,Annual,THS_PER,Thousand persons,TOTAL,Total - all NACE activities,EMP_DC,Total employment domestic concept,EE,Estonia,2014,,605.50,,,,,
dataflow,ESTAT:NAMA_10_A10_E(1.0),Employment by main industry (NACE Rev.2) - national accounts,A,Annual,THS_PER,Thousand persons,TOTAL,Total - all NACE activities,EMP_DC,Total employment domestic concept,EE,Estonia,2017,,641.50,,,,,
dataflow,ESTAT:NAMA_10_A10_E(1.0),Employment by main industry (NACE Rev.2) - national accounts,A,Annual,THS_PER,Thousand persons,TOTAL,Total - all NACE activities,EMP_DC,Total employment domestic concept,EE,Estonia,2023,,689.52,,,,,
dataflow,ESTAT:NAMA_10_A10_E(1.0),Employment by main industry (NACE Rev.2) - national accounts,A,Annual,THS_PER,Thousand persons,TOTAL,Total - all NACE activities,EMP_DC,Total employment domestic concept,EE,Estonia,2024,,690.87,,,,,
dataflow,ESTAT:NAMA_10_A10_E(1.0),Employment by main industry (NACE Rev.2) - national accounts,A,Annual,THS_PER,Thousand persons,TOTAL,Total - all NACE activities,EMP_DC,Total employment domestic concept,EL,Greece,2012,,4325.83,,,,,
dataflow,ESTAT:NAMA_10_A10_E(1.0),Employment by main industry (NACE Rev.2) - national accounts,A,Annual,THS_PER,Thousand persons,TOTAL,Total - all NACE activities,EMP_DC,Total employment domestic concept,EL,Greece,2014,,4453.73,,,,,
dataflow,ESTAT:NAMA_10_A10_E(1.0),Employment by main industry (NACE Rev.2) - national accounts,A,Annual,THS_PER,Thousand persons,TOTAL,Total - all NACE activities,EMP_DC,Total employment domestic concept,EL,Greece,2017,,4446.63,,,,,
dataflow,ESTAT:NAMA_10_A10_E(1.0),Employment by main industry (NACE Rev.2) - national accounts,A,Annual,THS_PER,Thousand persons,TOTAL,Total - all NACE activities,EMP_DC,Total employment domestic concept,EL,Greece,2023,,5135.82,,p,provisional,,
dataflow,ESTAT:NAMA_10_A10_E(1.0),Employment by main industry (NACE Rev.2) - national accounts,A,Annual,THS_PER,Thousand persons,TOTAL,Total - all NACE activities,EMP_DC,Total employment domestic concept,EL,Greece,2024,,5183.48,,p,provisional,,
dataflow,ESTAT:NAMA_10_A10_E(1.0),Employment by main industry (NACE Rev.2) - national accounts,A,Annual,THS_PER,Thousand persons,TOTAL,Total - all NACE activities,EMP_DC,Total employment domestic concept,ES,Spain,2012,,18309.50,,,,,
dataflow,ESTAT:NAMA_10_A10_E(1.0),Employment by main industry (NACE Rev.2) - national accounts,A,Annual,THS_PER,Thousand persons,TOTAL,Total - all NACE activities,EMP_DC,Total employment domestic concept,ES,Spain,2014,,18092.60,,,,,
dataflow,ESTAT:NAMA_10_A10_E(1.0),Employment by main industry (NACE Rev.2) - national accounts,A,Annual,THS_PER,Thousand persons,TOTAL,Total - all NACE activities,EMP_DC,Total employment domestic concept,ES,Spain,2017,,19512.30,,,,,
dataflow,ESTAT:NAMA_10_A10_E(1.0),Employment by main industry (NACE Rev.2) - national accounts,A,Annual,THS_PER,Thousand persons,TOTAL,Total - all NACE activities,EMP_DC,Total employment domestic concept,ES,Spain,2023,,21507.00,,p,provisional,,
dataflow,ESTAT:NAMA_10_A10_E(1.0),Employment by main industry (NACE Rev.2) - national accounts,A,Annual,THS_PER,Thousand persons,TOTAL,Total - all NACE activities,EMP_DC,Total employment domestic concept,ES,Spain,2024,,22001.40,,p,provisional,,
dataflow,ESTAT:NAMA_10_A10_E(1.0),Employment by main industry (NACE Rev.2) - national accounts,A,Annual,THS_PER,Thousand persons,TOTAL,Total - all NACE activities,EMP_DC,Total employment domestic concept,FI,Finland,2012,,2544.20,,,,,
dataflow,ESTAT:NAMA_10_A10_E(1.0),Employment by main industry (NACE Rev.2) - national accounts,A,Annual,THS_PER,Thousand persons,TOTAL,Total - all NACE activities,EMP_DC,Total employment domestic concept,FI,Finland,2014,,2510.00,,,,,
dataflow,ESTAT:NAMA_10_A10_E(1.0),Employment by main industry (NACE Rev.2) - national accounts,A,Annual,THS_PER,Thousand persons,TOTAL,Total - all NACE activities,EMP_DC,Total employment domestic concept,FI,Finland,2017,,2547.30,,,,,
dataflow,ESTAT:NAMA_10_A10_E(1.0),Employment by main industry (NACE Rev.2) - national accounts,A,Annual,THS_PER,Thousand persons,TOTAL,Total - all NACE activities,EMP_DC,Total employment domestic concept,FI,Finland,2023,,2770.00,,,,,
dataflow,ESTAT:NAMA_10_A10_E(1.0),Employment by main industry (NACE Rev.2) - national accounts,A,Annual,THS_PER,Thousand persons,TOTAL,Total - all NACE activities,EMP_DC,Total employment domestic concept,FI,Finland,2024,,2739.60,,,,,
dataflow,ESTAT:NAMA_10_A10_E(1.0),Employment by main industry (NACE Rev.2) - national accounts,A,Annual,THS_PER,Thousand persons,TOTAL,Total - all NACE activities,EMP_DC,Total employment domestic concept,FR,France,2012,,27253.00,,,,,
dataflow,ESTAT:NAMA_10_A10_E(1.0),Employment by main industry (NACE Rev.2) - national accounts,A,Annual,THS_PER,Thousand persons,TOTAL,Total - all NACE activities,EMP_DC,Total employment domestic concept,FR,France,2014,,27452.00,,,,,
dataflow,ESTAT:NAMA_10_A10_E(1.0),Employment by main industry (NACE Rev.2) - national accounts,A,Annual,THS_PER,Thousand persons,TOTAL,Total - all NACE activities,EMP_DC,Total employment domestic concept,FR,France,2017,,28047.00,,,,,
dataflow,ESTAT:NAMA_10_A10_E(1.0),Employment by main industry (NACE Rev.2) - national accounts,A,Annual,THS_PER,Thousand persons,TOTAL,Total - all NACE activities,EMP_DC,Total employment domestic concept,FR,France,2023,,30395.00,,p,provisional,,
dataflow,ESTAT:NAMA_10_A10_E(1.0),Employment by main industry (NACE Rev.2) - national accounts,A,Annual,THS_PER,Thousand persons,TOTAL,Total - all NACE activities,EMP_DC,Total employment domestic concept,FR,France,2024,,30623.00,,p,provisional,,
dataflow,ESTAT:NAMA_10_A10_E(1.0),Employment by main industry (NACE Rev.2) - national accounts,A,Annual,THS_PER,Thousand persons,TOTAL,Total - all NACE activities,EMP_DC,Total employment domestic concept,HR,Croatia,2012,,1551.88,,b,break in time series,,
dataflow,ESTAT:NAMA_10_A10_E(1.0),Employment by main industry (NACE Rev.2) - national accounts,A,Annual,THS_PER,Thousand persons,TOTAL,Total - all NACE activities,EMP_DC,Total employment domestic concept,HR,Croatia,2014,,1543.22,,,,,
dataflow,ESTAT:NAMA_10_A10_E(1.0),Employment by main industry (NACE Rev.2) - national accounts,A,Annual,THS_PER,Thousand persons,TOTAL,Total - all NACE activities,EMP_DC,Total employment domestic concept,HR,Croatia,2017,,1569.53,,,,,
dataflow,ESTAT:NAMA_10_A10_E(1.0),Employment by main industry (NACE Rev.2) - national accounts,A,Annual,THS_PER,Thousand persons,TOTAL,Total - all NACE activities,EMP_DC,Total employment domestic concept,HR,Croatia,2023,,1670.62,,,,,
dataflow,ESTAT:NAMA_10_A10_E(1.0),Employment by main industry (NACE Rev.2) - national accounts,A,Annual,THS_PER,Thousand persons,TOTAL,Total - all NACE activities,EMP_DC,Total employment domestic concept,HR,Croatia,2024,,1763.84,,p,provisional,,
dataflow,ESTAT:NAMA_10_A10_E(1.0),Employment by main industry (NACE Rev.2) - national accounts,A,Annual,THS_PER,Thousand persons,TOTAL,Total - all NACE activities,EMP_DC,Total employment domestic concept,HU,Hungary,2012,,3958.72,,,,,
dataflow,ESTAT:NAMA_10_A10_E(1.0),Employment by main industry (NACE Rev.2) - national accounts,A,Annual,THS_PER,Thousand persons,TOTAL,Total - all NACE activities,EMP_DC,Total employment domestic concept,HU,Hungary,2014,,4196.25,,,,,
dataflow,ESTAT:NAMA_10_A10_E(1.0),Employment by main industry (NACE Rev.2) - national accounts,A,Annual,THS_PER,Thousand persons,TOTAL,Total - all NACE activities,EMP_DC,Total employment domestic concept,HU,Hungary,2017,,4519.53,,,,,
dataflow,ESTAT:NAMA_10_A10_E(1.0),Employment by main industry (NACE Rev.2) - national accounts,A,Annual,THS_PER,Thousand persons,TOTAL,Total - all NACE activities,EMP_DC,Total employment domestic concept,HU,Hungary,2023,,4784.37,,,,,
dataflow,ESTAT:NAMA_10_A10_E(1.0),Employment by main industry (NACE Rev.2) - national accounts,A,Annual,THS_PER,Thousand persons,TOTAL,Total - all NACE activities,EMP_DC,Total employment domestic concept,HU,Hungary,2024,,4792.27,,,,,
dataflow,ESTAT:NAMA_10_A10_E(1.0),Employment by main industry (NACE Rev.2) - national accounts,A,Annual,THS_PER,Thousand persons,TOTAL,Total - all NACE activities,EMP_DC,Total employment domestic concept,IE,Ireland,2012,,1877.95,,,,,
dataflow,ESTAT:NAMA_10_A10_E(1.0),Employment by main industry (NACE Rev.2) - national accounts,A,Annual,THS_PER,Thousand persons,TOTAL,Total - all NACE activities,EMP_DC,Total employment domestic concept,IE,Ireland,2014,,1984.01,,,,,
dataflow,ESTAT:NAMA_10_A10_E(1.0),Employment by main industry (NACE Rev.2) - national accounts,A,Annual,THS_PER,Thousand persons,TOTAL,Total - all NACE activities,EMP_DC,Total employment domestic concept,IE,Ireland,2017,,2197.91,,,,,
dataflow,ESTAT:NAMA_10_A10_E(1.0),Employment by main industry (NACE Rev.2) - national accounts,A,Annual,THS_PER,Thousand persons,TOTAL,Total - all NACE activities,EMP_DC,Total employment domestic concept,IE,Ireland,2023,,2684.21,,,,,
dataflow,ESTAT:NAMA_10_A10_E(1.0),Employment by main industry (NACE Rev.2) - national accounts,A,Annual,THS_PER,Thousand persons,TOTAL,Total - all NACE activities,EMP_DC,Total employment domestic concept,IE,Ireland,2024,,2756.37,,,,,
dataflow,ESTAT:NAMA_10_A10_E(1.0),Employment by main industry (NACE Rev.2) - national accounts,A,Annual,THS_PER,Thousand persons,TOTAL,Total - all NACE activities,EMP_DC,Total employment domestic concept,IT,Italy,2012,,24592.60,,,,,
dataflow,ESTAT:NAMA_10_A10_E(1.0),Employment by main industry (NACE Rev.2) - national accounts,A,Annual,THS_PER,Thousand persons,TOTAL,Total - all NACE activities,EMP_DC,Total employment domestic concept,IT,Italy,2014,,24145.40,,,,,
dataflow,ESTAT:NAMA_10_A10_E(1.0),Employment by main industry (NACE Rev.2) - national accounts,A,Annual,THS_PER,Thousand persons,TOTAL,Total - all NACE activities,EMP_DC,Total employment domestic concept,IT,Italy,2017,,24940.80,,,,,
dataflow,ESTAT:NAMA_10_A10_E(1.0),Employment by main industry (NACE Rev.2) - national accounts,A,Annual,THS_PER,Thousand persons,TOTAL,Total - all NACE activities,EMP_DC,Total employment domestic concept,IT,Italy,2023,,26077.70,,,,,
dataflow,ESTAT:NAMA_10_A10_E(1.0),Employment by main industry (NACE Rev.2) - national accounts,A,Annual,THS_PER,Thousand persons,TOTAL,Total - all NACE activities,EMP_DC,Total employment domestic concept,IT,Italy,2024,,26544.60,,,,,
dataflow,ESTAT:NAMA_10_A10_E(1.0),Employment by main industry (NACE Rev.2) - national accounts,A,Annual,THS_PER,Thousand persons,TOTAL,Total - all NACE activities,EMP_DC,Total employment domestic concept,LT,Lithuania,2012,,1281.19,,,,,
dataflow,ESTAT:NAMA_10_A10_E(1.0),Employment by main industry (NACE Rev.2) - national accounts,A,Annual,THS_PER,Thousand persons,TOTAL,Total - all NACE activities,EMP_DC,Total employment domestic concept,LT,Lithuania,2014,,1325.23,,,,,
dataflow,ESTAT:NAMA_10_A10_E(1.0),Employment by main industry (NACE Rev.2) - national accounts,A,Annual,THS_PER,Thousand persons,TOTAL,Total - all NACE activities,EMP_DC,Total employment domestic concept,LT,Lithuania,2017,,1364.44,,,,,
dataflow,ESTAT:NAMA_10_A10_E(1.0),Employment by main industry (NACE Rev.2) - national accounts,A,Annual,THS_PER,Thousand persons,TOTAL,Total - all NACE activities,EMP_DC,Total employment domestic concept,LT,Lithuania,2023,,1476.29,,,,,
dataflow,ESTAT:NAMA_10_A10_E(1.0),Employment by main industry (NACE Rev.2) - national accounts,A,Annual,THS_PER,Thousand persons,TOTAL,Total - all NACE activities,EMP_DC,Total employment domestic concept,LT,Lithuania,2024,,1498.35,,,,,
dataflow,ESTAT:NAMA_10_A10_E(1.0),Employment by main industry (NACE Rev.2) - national accounts,A,Annual,THS_PER,Thousand persons,TOTAL,Total - all NACE activities,EMP_DC,Total employment domestic concept,LU,Luxembourg,2012,,378.66,,,,,
dataflow,ESTAT:NAMA_10_A10_E(1.0),Employment by main industry (NACE Rev.2) - national accounts,A,Annual,THS_PER,Thousand persons,TOTAL,Total - all NACE activities,EMP_DC,Total employment domestic concept,LU,Luxembourg,2014,,395.12,,,,,
dataflow,ESTAT:NAMA_10_A10_E(1.0),Employment by main industry (NACE Rev.2) - national accounts,A,Annual,THS_PER,Thousand persons,TOTAL,Total - all NACE activities,EMP_DC,Total employment domestic concept,LU,Luxembourg,2017,,432.19,,,,,
dataflow,ESTAT:NAMA_10_A10_E(1.0),Employment by main industry (NACE Rev.2) - national accounts,A,Annual,THS_PER,Thousand persons,TOTAL,Total - all NACE activities,EMP_DC,Total employment domestic concept,LU,Luxembourg,2023,,510.99,,,,,
dataflow,ESTAT:NAMA_10_A10_E(1.0),Employment by main industry (NACE Rev.2) - national accounts,A,Annual,THS_PER,Thousand persons,TOTAL,Total - all NACE activities,EMP_DC,Total employment domestic concept,LU,Luxembourg,2024,,516.03,,,,,
dataflow,ESTAT:NAMA_10_A10_E(1.0),Employment by main industry (NACE Rev.2) - national accounts,A,Annual,THS_PER,Thousand persons,TOTAL,Total - all NACE activities,EMP_DC,Total employment domestic concept,LV,Latvia,2012,,868.63,,,,,
dataflow,ESTAT:NAMA_10_A10_E(1.0),Employment by main industry (NACE Rev.2) - national accounts,A,Annual,THS_PER,Thousand persons,TOTAL,Total - all NACE activities,EMP_DC,Total employment domestic concept,LV,Latvia,2014,,876.63,,,,,
dataflow,ESTAT:NAMA_10_A10_E(1.0),Employment by main industry (NACE Rev.2) - national accounts,A,Annual,THS_PER,Thousand persons,TOTAL,Total - all NACE activities,EMP_DC,Total employment domestic concept,LV,Latvia,2017,,885.99,,,,,
dataflow,ESTAT:NAMA_10_A10_E(1.0),Employment by main industry (NACE Rev.2) - national accounts,A,Annual,THS_PER,Thousand persons,TOTAL,Total - all NACE activities,EMP_DC,Total employment domestic concept,LV,Latvia,2023,,922.17,,,,,
dataflow,ESTAT:NAMA_10_A10_E(1.0),Employment by main industry (NACE Rev.2) - national accounts,A,Annual,THS_PER,Thousand persons,TOTAL,Total - all NACE activities,EMP_DC,Total employment domestic concept,LV,Latvia,2024,,908.76,,,,,
dataflow,ESTAT:NAMA_10_A10_E(1.0),Employment by main industry (NACE Rev.2) - national accounts,A,Annual,THS_PER,Thousand persons,TOTAL,Total - all NACE activities,EMP_DC,Total employment domestic concept,MT,Malta,2012,,182.56,,,,,
dataflow,ESTAT:NAMA_10_A10_E(1.0),Employment by main industry (NACE Rev.2) - national accounts,A,Annual,THS_PER,Thousand persons,TOTAL,Total - all NACE activities,EMP_DC,Total employment domestic concept,MT,Malta,2014,,198.58,,,,,
dataflow,ESTAT:NAMA_10_A10_E(1.0),Employment by main industry (NACE Rev.2) - national accounts,A,Annual,THS_PER,Thousand persons,TOTAL,Total - all NACE activities,EMP_DC,Total employment domestic concept,MT,Malta,2017,,229.09,,,,,
dataflow,ESTAT:NAMA_10_A10_E(1.0),Employment by main industry (NACE Rev.2) - national accounts,A,Annual,THS_PER,Thousand persons,TOTAL,Total - all NACE activities,EMP_DC,Total employment domestic concept,MT,Malta,2023,,309.99,,,,,
dataflow,ESTAT:NAMA_10_A10_E(1.0),Employment by main industry (NACE Rev.2) - national accounts,A,Annual,THS_PER,Thousand persons,TOTAL,Total - all NACE activities,EMP_DC,Total employment domestic concept,MT,Malta,2024,,325.41,,,,,
dataflow,ESTAT:NAMA_10_A10_E(1.0),Employment by main industry (NACE Rev.2) - national accounts,A,Annual,THS_PER,Thousand persons,TOTAL,Total - all NACE activities,EMP_DC,Total employment domestic concept,NL,Netherlands,2012,,8827.00,,,,,
dataflow,ESTAT:NAMA_10_A10_E(1.0),Employment by main industry (NACE Rev.2) - national accounts,A,Annual,THS_PER,Thousand persons,TOTAL,Total - all NACE activities,EMP_DC,Total employment domestic concept,NL,Netherlands,2014,,8706.00,,,,,
dataflow,ESTAT:NAMA_10_A10_E(1.0),Employment by main industry (NACE Rev.2) - national accounts,A,Annual,THS_PER,Thousand persons,TOTAL,Total - all NACE activities,EMP_DC,Total employment domestic concept,NL,Netherlands,2017,,9116.00,,,,,
dataflow,ESTAT:NAMA_10_A10_E(1.0),Employment by main industry (NACE Rev.2) - national accounts,A,Annual,THS_PER,Thousand persons,TOTAL,Total - all NACE activities,EMP_DC,Total employment domestic concept,NL,Netherlands,2023,,10166.00,,p,provisional,,
dataflow,ESTAT:NAMA_10_A10_E(1.0),Employment by main industry (NACE Rev.2) - national accounts,A,Annual,THS_PER,Thousand persons,TOTAL,Total - all NACE activities,EMP_DC,Total employment domestic concept,NL,Netherlands,2024,,10266.00,,p,provisional,,
dataflow,ESTAT:NAMA_10_A10_E(1.0),Employment by main industry (NACE Rev.2) - national accounts,A,Annual,THS_PER,Thousand persons,TOTAL,Total - all NACE activities,EMP_DC,Total employment domestic concept,PL,Poland,2012,,15474.90,,,,,
dataflow,ESTAT:NAMA_10_A10_E(1.0),Employment by main industry (NACE Rev.2) - national accounts,A,Annual,THS_PER,Thousand persons,TOTAL,Total - all NACE activities,EMP_DC,Total employment domestic concept,PL,Poland,2014,,15731.00,,,,,
dataflow,ESTAT:NAMA_10_A10_E(1.0),Employment by main industry (NACE Rev.2) - national accounts,A,Annual,THS_PER,Thousand persons,TOTAL,Total - all NACE activities,EMP_DC,Total employment domestic concept,PL,Poland,2017,,16315.00,,,,,
dataflow,ESTAT:NAMA_10_A10_E(1.0),Employment by main industry (NACE Rev.2) - national accounts,A,Annual,THS_PER,Thousand persons,TOTAL,Total - all NACE activities,EMP_DC,Total employment domestic concept,PL,Poland,2023,,17528.90,,,,,
dataflow,ESTAT:NAMA_10_A10_E(1.0),Employment by main industry (NACE Rev.2) - national accounts,A,Annual,THS_PER,Thousand persons,TOTAL,Total - all NACE activities,EMP_DC,Total employment domestic concept,PL,Poland,2024,,17420.00,,,,,
dataflow,ESTAT:NAMA_10_A10_E(1.0),Employment by main industry (NACE Rev.2) - national accounts,A,Annual,THS_PER,Thousand persons,TOTAL,Total - all NACE activities,EMP_DC,Total employment domestic concept,PT,Portugal,2012,,4585.32,,,,,
dataflow,ESTAT:NAMA_10_A10_E(1.0),Employment by main industry (NACE Rev.2) - national accounts,A,Annual,THS_PER,Thousand persons,TOTAL,Total - all NACE activities,EMP_DC,Total employment domestic concept,PT,Portugal,2014,,4521.48,,,,,
dataflow,ESTAT:NAMA_10_A10_E(1.0),Employment by main industry (NACE Rev.2) - national accounts,A,Annual,THS_PER,Thousand persons,TOTAL,Total - all NACE activities,EMP_DC,Total employment domestic concept,PT,Portugal,2017,,4826.19,,,,,
dataflow,ESTAT:NAMA_10_A10_E(1.0),Employment by main industry (NACE Rev.2) - national accounts,A,Annual,THS_PER,Thousand persons,TOTAL,Total - all NACE activities,EMP_DC,Total employment domestic concept,PT,Portugal,2023,,5238.18,,,,,
dataflow,ESTAT:NAMA_10_A10_E(1.0),Employment by main industry (NACE Rev.2) - national accounts,A,Annual,THS_PER,Thousand persons,TOTAL,Total - all NACE activities,EMP_DC,Total employment domestic concept,PT,Portugal,2024,,5275.31,,p,provisional,,
dataflow,ESTAT:NAMA_10_A10_E(1.0),Employment by main industry (NACE Rev.2) - national accounts,A,Annual,THS_PER,Thousand persons,TOTAL,Total - all NACE activities,EMP_DC,Total employment domestic concept,RO,Romania,2012,,8645.30,,,,,
dataflow,ESTAT:NAMA_10_A10_E(1.0),Employment by main industry (NACE Rev.2) - national accounts,A,Annual,THS_PER,Thousand persons,TOTAL,Total - all NACE activities,EMP_DC,Total employment domestic concept,RO,Romania,2014,,8634.60,,,,,
dataflow,ESTAT:NAMA_10_A10_E(1.0),Employment by main industry (NACE Rev.2) - national accounts,A,Annual,THS_PER,Thousand persons,TOTAL,Total - all NACE activities,EMP_DC,Total employment domestic concept,RO,Romania,2017,,8631.00,,,,,
dataflow,ESTAT:NAMA_10_A10_E(1.0),Employment by main industry (NACE Rev.2) - national accounts,A,Annual,THS_PER,Thousand persons,TOTAL,Total - all NACE activities,EMP_DC,Total employment domestic concept,RO,Romania,2023,,8493.20,,,,,
dataflow,ESTAT:NAMA_10_A10_E(1.0),Employment by main industry (NACE Rev.2) - national accounts,A,Annual,THS_PER,Thousand persons,TOTAL,Total - all NACE activities,EMP_DC,Total employment domestic concept,RO,Romania,2024,,8627.30,,p,provisional,,
dataflow,ESTAT:NAMA_10_A10_E(1.0),Employment by main industry (NACE Rev.2) - national accounts,A,Annual,THS_PER,Thousand persons,TOTAL,Total - all NACE activities,EMP_DC,Total employment domestic concept,SE,Sweden,2012,,4688.20,,,,,
dataflow,ESTAT:NAMA_10_A10_E(1.0),Employment by main industry (NACE Rev.2) - national accounts,A,Annual,THS_PER,Thousand persons,TOTAL,Total - all NACE activities,EMP_DC,Total employment domestic concept,SE,Sweden,2014,,4805.30,,,,,
dataflow,ESTAT:NAMA_10_A10_E(1.0),Employment by main industry (NACE Rev.2) - national accounts,A,Annual,THS_PER,Thousand persons,TOTAL,Total - all NACE activities,EMP_DC,Total employment domestic concept,SE,Sweden,2017,,5099.90,,,,,
dataflow,ESTAT:NAMA_10_A10_E(1.0),Employment by main industry (NACE Rev.2) - national accounts,A,Annual,THS_PER,Thousand persons,TOTAL,Total - all NACE activities,EMP_DC,Total employment domestic concept,SE,Sweden,2023,,5466.00,,,,,
dataflow,ESTAT:NAMA_10_A10_E(1.0),Employment by main industry (NACE Rev.2) - national accounts,A,Annual,THS_PER,Thousand persons,TOTAL,Total - all NACE activities,EMP_DC,Total employment domestic concept,SE,Sweden,2024,,5449.30,,,,,
dataflow,ESTAT:NAMA_10_A10_E(1.0),Employment by main industry (NACE Rev.2) - national accounts,A,Annual,THS_PER,Thousand persons,TOTAL,Total - all NACE activities,EMP_DC,Total employment domestic concept,SI,Slovenia,2012,,938.58,,,,,
dataflow,ESTAT:NAMA_10_A10_E(1.0),Employment by main industry (NACE Rev.2) - national accounts,A,Annual,THS_PER,Thousand persons,TOTAL,Total - all NACE activities,EMP_DC,Total employment domestic concept,SI,Slovenia,2014,,931.89,,,,,
dataflow,ESTAT:NAMA_10_A10_E(1.0),Employment by main industry (NACE Rev.2) - national accounts,A,Annual,THS_PER,Thousand persons,TOTAL,Total - all NACE activities,EMP_DC,Total employment domestic concept,SI,Slovenia,2017,,989.53,,,,,
dataflow,ESTAT:NAMA_10_A10_E(1.0),Employment by main industry (NACE Rev.2) - national accounts,A,Annual,THS_PER,Thousand persons,TOTAL,Total - all NACE activities,EMP_DC,Total employment domestic concept,SI,Slovenia,2023,,1098.67,,,,,
dataflow,ESTAT:NAMA_10_A10_E(1.0),Employment by main industry (NACE Rev.2) - national accounts,A,Annual,THS_PER,Thousand persons,TOTAL,Total - all NACE activities,EMP_DC,Total employment domestic concept,SI,Slovenia,2024,,1103.88,,,,,
dataflow,ESTAT:NAMA_10_A10_E(1.0),Employment by main industry (NACE Rev.2) - national accounts,A,Annual,THS_PER,Thousand persons,TOTAL,Total - all NACE activities,EMP_DC,Total employment domestic concept,SK,Slovakia,2012,,2209.43,,,,,
dataflow,ESTAT:NAMA_10_A10_E(1.0),Employment by main industry (NACE Rev.2) - national accounts,A,Annual,THS_PER,Thousand persons,TOTAL,Total - all NACE activities,EMP_DC,Total employment domestic concept,SK,Slovakia,2014,,2223.15,,,,,
dataflow,ESTAT:NAMA_10_A10_E(1.0),Employment by main industry (NACE Rev.2) - national accounts,A,Annual,THS_PER,Thousand persons,TOTAL,Total - all NACE activities,EMP_DC,Total employment domestic concept,SK,Slovakia,2017,,2372.26,,,,,
dataflow,ESTAT:NAMA_10_A10_E(1.0),Employment by main industry (NACE Rev.2) - national accounts,A,Annual,THS_PER,Thousand persons,TOTAL,Total - all NACE activities,EMP_DC,Total employment domestic concept,SK,Slovakia,2023,,2434.06,,,,,
dataflow,ESTAT:NAMA_10_A10_E(1.0),Employment by main industry (NACE Rev.2) - national accounts,A,Annual,THS_PER,Thousand persons,TOTAL,Total - all NACE activities,EMP_DC,Total employment domestic concept,SK,Slovakia,2024,,2430.29,,,,,
